,loss,accuracy,val_loss,val_accuracy,lr,experiment,epoch
0,0.49442681670188904,0.8231124877929688,0.2872464060783386,0.8804992437362671,9.999999747378752e-05,0.0,0.0
1,0.45173993706703186,0.8226707577705383,0.2785241901874542,0.884387195110321,9.999999747378752e-05,1.0,0.0
2,0.5872861742973328,0.7070404291152954,0.49937018752098083,0.807171642780304,9.999999747378752e-05,2.0,0.0
